username,source,full_name,bio,followers,following,likes,videos,verified
toni.kr8s,following,Toni Kroos,"Ex-Player @realmadrid 
My foundation: www.tonikroos-stiftung.de

LIVE auf TikTok ab 10. Juni 📆👀
KROOS & KROOS: Die WM unter der Lupe",13800000,69,96800000,366,True
georginagio,following,Georgina Rodríguez,"Mamá de 6 bendiciones ❤️
VividoraDeLaVidaSoñadoraDeLosSueños",23000000,31,280600000,142,True
rosalia,following,La Rosalia,,32900000,3257,424600000,235,True
edsheeran,following,Ed Sheeran,Play out now x,18300000,3,278900000,307,True
fernandoalonso,following,Fernando Alonso,"Premio Principe de Asturias 👑 Karting, F1 & Endurance World Champion 🌎",2500000,2,30900000,60,True
davidbeckham,following,David Beckham,Freedom to Dream 🩷,9100000,5,50800000,180,True
pedri,following,Pedri González,@fcbarcelona player,8700000,26,34700000,46,True
carlosalcaraz,following,Carlos Alcaraz 🧠❤️🥚🥚,CEO de Murcia 🍋 y… tenista 😜,1300000,12,14900000,212,True
sergioramos,following,Sergio Ramos,🦁 YOU HAVE THE POWER TO MAKE BEAUTIFUL THINGS 🦁,22100000,37,179000000,438,True
davidbisbaloficial,following,davidbisbaloficial,YA DISPONIBLE- https://DavidBisbal.lnk.to/VAEMA,1600000,106,12700000,376,True
daniolmo,following,Dani Olmo,@fcbarcelona 🔵🔴 | @Selección española 🇪🇸,3700000,11,18800000,31,True
hakimiachraf,following,Achraf Hakimi,PSG | Morocco player,5000000,46,28500000,73,True
carlossainz55,following,carlossainz55,F1 Driver and Smooth Operator 🌶️,3200000,15,31500000,134,True
shakira,following,Shakira,"#LMYNLWorldTour
'Dai Dai' Ft. @Burna Boy out now!",52000000,74,466300000,430,True
iamanamena,following,Ana Mena,Pa ti toa <3,884900,28,8900000,101,True
aron.piper,following,ARON 🌜🌞,contact@piperaron.com,579300,1,4000000,61,True
abba,following,ABBA,The official account for ABBA,4000000,1,43700000,238,True
davidalaba,following,David Alaba,"Real Madrid and Austria
Meine Kraft liegt in Jesus",3400000,28,8000000,27,True
mterstegen1,following,Marc ter Stegen,Goalkeeper for @GironaFC & @dfb ⚽️,3100000,22,14200000,80,True
ikercasillas,following,Iker Casillas,Global ambassador @Stake (Unavailable in ESP),6500000,67,55100000,181,True
skinnyflakk,following,Rels B,Skini kini,2500000,0,31800000,83,True
quevedoyouknow,following,Quevedo,,3300000,177,34700000,66,True
alexiaputellas,following,Alexia Putellas,futbolista / footballer,1100000,28,1000000,7,True
aleixespargaro,following,Aleix Espargaró,"Rider & Cyclist #41
❤️ inlau
🍼🍼 Max & Mia
🚗 Cars lover
#BelieveInYourself",60600,26,695400,118,True
alejandrosanz,following,Alejandro Sanz,¿Y ahora qué ➕?,1500000,22,11000000,248,True
ester_exposito,following,Ester,🌙,1600000,1,4700000,5,True
guaj7villa,following,David Villa,@DV7 Academy Madrid,213300,31,519800,27,True
marcelotwelve,following,marcelotwelve,"I Don’t Count The Days... I Make The Days Count 🤟🏾
Carioca 🇧🇷 
1988",16300000,233,76000000,109,True
antoniobanderas,following,Antonio Banderas,"Actor, productor, director.
IG @antoniobanderasoficial
TW @antoniobanderas",435100,78,1200000,188,True
fernandotorres,following,Fernando Torres,⚽️ 💪🏻,718600,26,1900000,43,True
ronaldo,following,Ronaldo Nazario,-,6400000,145,14200000,68,True
juanmagan,following,Juan Magan,,163300,237,1300000,42,True
jaimelorentelo,following,Jaime Lorente lopez,Perfil oficial de Jaime Lorente,1000000,1162,9800000,47,True
babygranch,following,polgranch,,225900,50,838200,29,True
pabloalboran,following,Pablo Alborán,KM0,2600000,246,25700000,431,True
miguelangelsilvestre,following,Miguel Ángel,Ig @miguelangelsilvestre,142300,15,793300,26,False
c.tangana,following,C. Tangana,,490000,46,4200000,42,True
vegetta777,following,VEGETTA777,💜 Youtuber amante de los unicornios. 💜,3100000,163,11300000,11,True
zzoiilo,following,Zoilo Tuñon,Tengo musiquita en spoty // youtube // apple music... nombre de cantante: zzoilo,19100,37,35200,87,True
hvmemusic,following,HVME,Hearts Like Dynamite OUT NOW 🔗🧨,22200,17,25100,16,False
rafaelnadal,following,Rafael Nadal,Yes... it's me 😉 🇪🇸 🎾,461300,52,3200000,86,True
lolainditok,following,lola indigo,,3800000,11,119300000,1546,True
omarmontesoficial,following,Omarmontes,,1600000,0,25700000,325,True
holaitana,following,AITANA,CUARTO AZUL,3300000,3,46000000,183,True
apeleteirob,following,Ana Peleteiro,"Estaba de paso… pero le cogí el gustillo ✨
⚠️IG: @apeleteirob⚠️",534600,392,21700000,1178,True
nathypeluso,following,Nathy Peluso,MALPORTADA,5600000,0,86400000,544,True
joselumato,following,Joselu Mato,"⚽️ @algharafaclub / @sefutbol 🇪🇸
 Ex @realmadrid 
📩 joselu@beiz.es",1300000,53,7800000,54,True
marcmarquez93,following,Marc Márquez,"MotoGP Rider | No pain, no gain. ✊🏻",3100000,35,48900000,339,True
akabadgyal,following,Bad Gyal,Bad Gyal,2800000,37,52100000,189,True
abrahammateo,following,Abraham Mateo,Qué Tal Te Va Sin Mi? ya disponible 🥲,1900000,0,29000000,259,True
